{"Progress": 0, "_timestamp": 1768205462, "_runtime": 23, "Accuracy/ConvNet": 0.14872000000000002, "Max_Accuracy/ConvNet": 0.14872000000000002, "Std/ConvNet": 0.003136494858914956, "Max_Std/ConvNet": 0.003136494858914956, "Pixels": {"_type": "histogram", "values": [41, 48, 127, 282, 286, 178, 201, 344, 429, 925, 1107, 1174, 1086, 952, 871, 724, 817, 766, 727, 716, 656, 743, 726, 700, 699, 613, 620, 590, 652, 554, 573, 480, 426, 441, 391, 376, 338, 343, 371, 316, 310, 235, 271, 279, 363, 330, 267, 289, 254, 217, 266, 274, 293, 281, 274, 330, 269, 264, 416, 534, 584, 653, 575, 483], "bins": [-2.429065704345703, -2.3480844497680664, -2.2671031951904297, -2.186122179031372, -2.1051409244537354, -2.0241596698760986, -1.9431785345077515, -1.8621972799301147, -1.7812161445617676, -1.7002348899841309, -1.6192536354064941, -1.538272500038147, -1.4572912454605103, -1.376310110092163, -1.2953288555145264, -1.2143477201461792, -1.1333664655685425, -1.0523852109909058, -0.9714040756225586, -0.8904228806495667, -0.8094416856765747, -0.728460431098938, -0.647479236125946, -0.5664980411529541, -0.48551684617996216, -0.4045356512069702, -0.32355445623397827, -0.24257323145866394, -0.161592036485672, -0.08061083406209946, 0.0003703683614730835, 0.08135157078504562, 0.16233277320861816, 0.2433139681816101, 0.32429516315460205, 0.4052763879299164, 0.4862575829029083, 0.5672388076782227, 0.6482200026512146, 0.7292011976242065, 0.8101823925971985, 0.8911635875701904, 0.9721447825431824, 1.0531259775161743, 1.134107232093811, 1.2150883674621582, 1.296069622039795, 1.377050757408142, 1.4580320119857788, 1.5390132665634155, 1.6199944019317627, 1.7009756565093994, 1.7819567918777466, 1.8629380464553833, 1.9439191818237305, 2.024900436401367, 2.105881690979004, 2.1868629455566406, 2.2678439617156982, 2.348825216293335, 2.4298064708709717, 2.5107877254486084, 2.591768741607666, 2.6727499961853027, 2.7537312507629395]}, "_step": 0, "_wandb": {"runtime": 22}}