{"Progress": 5000, "_timestamp": 1768222064, "_runtime": 4298, "Accuracy/ConvNet": 0.6761999999999999, "Max_Accuracy/ConvNet": 0.67746, "Std/ConvNet": 0.002443767583056953, "Max_Std/ConvNet": 0.001829316812364646, "Pixels": {"_type": "histogram", "values": [1, 1, 7, 5, 12, 18, 33, 63, 104, 156, 251, 450, 758, 1325, 2323, 3885, 6680, 10768, 16760, 23635, 31988, 40461, 48218, 55659, 61920, 67680, 72013, 76155, 78430, 80642, 81182, 80412, 78789, 74802, 70768, 66063, 60351, 54667, 49140, 43404, 38451, 34542, 31253, 27303, 22572, 16652, 10896, 6439, 3589, 1986, 1045, 575, 281, 182, 98, 66, 33, 22, 12, 5, 7, 6, 2, 4], "bins": [-6.025491237640381, -5.8342390060424805, -5.64298677444458, -5.45173454284668, -5.260482311248779, -5.069230079650879, -4.8779778480529785, -4.686725616455078, -4.495473384857178, -4.304221153259277, -4.112968921661377, -3.9217164516448975, -3.730464220046997, -3.5392119884490967, -3.3479597568511963, -3.156707525253296, -2.9654552936553955, -2.774203062057495, -2.5829508304595947, -2.3916985988616943, -2.200446367263794, -2.0091941356658936, -1.8179417848587036, -1.6266895532608032, -1.4354373216629028, -1.2441850900650024, -1.052932858467102, -0.8616805672645569, -0.6704283356666565, -0.4791761040687561, -0.2879238426685333, -0.09667159616947174, 0.09458065032958984, 0.28583288192749023, 0.477085143327713, 0.6683374047279358, 0.8595896363258362, 1.0508419275283813, 1.2420941591262817, 1.4333463907241821, 1.6245986223220825, 1.815850853919983, 2.007103204727173, 2.1983554363250732, 2.3896076679229736, 2.580859899520874, 2.7721121311187744, 2.963364362716675, 3.154616594314575, 3.3458688259124756, 3.537121057510376, 3.7283732891082764, 3.9196255207061768, 4.110877990722656, 4.302130222320557, 4.493382453918457, 4.684634685516357, 4.875886917114258, 5.067139148712158, 5.258391380310059, 5.449643611907959, 5.640895843505859, 5.83214807510376, 6.02340030670166, 6.2146525382995605]}, "Synthetic_LR": 0.05298566818237305, "Grand_Loss": 0.7730798721313477, "Start_Epoch": 9, "_step": 5000, "_wandb": {"runtime": 4290}}