{"Progress": 345, "_timestamp": 1768217032, "_runtime": 451, "Accuracy/ConvNet": 0.64354, "Max_Accuracy/ConvNet": 0.64354, "Std/ConvNet": 0.0026492263021493574, "Max_Std/ConvNet": 0.0026492263021493574, "Pixels": {"_type": "histogram", "values": [1, 3, 1, 1, 12, 18, 23, 51, 107, 242, 553, 1405, 3688, 7580, 12084, 17872, 22894, 27174, 31310, 35366, 38141, 41333, 44072, 45472, 47189, 47627, 49091, 50290, 50729, 51013, 50638, 50677, 49864, 49496, 48522, 46649, 46110, 44666, 43088, 41501, 39256, 37227, 35185, 33498, 31631, 29749, 28275, 26939, 25003, 23298, 21928, 20383, 19153, 18205, 19045, 15410, 9531, 3976, 1081, 430, 163, 61, 13, 7], "bins": [-3.960341453552246, -3.8424158096313477, -3.7244904041290283, -3.60656476020813, -3.4886393547058105, -3.370713710784912, -3.2527883052825928, -3.1348626613616943, -3.016937255859375, -2.8990116119384766, -2.7810862064361572, -2.663160562515259, -2.5452351570129395, -2.427309513092041, -2.3093841075897217, -2.1914584636688232, -2.073533058166504, -1.9556074142456055, -1.8376818895339966, -1.7197563648223877, -1.6018308401107788, -1.48390531539917, -1.365979790687561, -1.2480542659759521, -1.1301287412643433, -1.0122032165527344, -0.8942776918411255, -0.7763521671295166, -0.6584266424179077, -0.5405011177062988, -0.42257559299468994, -0.30465006828308105, -0.18672454357147217, -0.06879901885986328, 0.0491265133023262, 0.16705204546451569, 0.2849775552749634, 0.40290310978889465, 0.5208286046981812, 0.63875412940979, 0.7566796541213989, 0.8746052384376526, 0.9925307631492615, 1.1104562282562256, 1.2283817529678345, 1.3463072776794434, 1.4642328023910522, 1.5821583271026611, 1.7000839710235596, 1.8180094957351685, 1.9359350204467773, 2.0538604259490967, 2.171786069869995, 2.2897114753723145, 2.407637119293213, 2.5255625247955322, 2.6434881687164307, 2.76141357421875, 2.8793392181396484, 2.9972646236419678, 3.115190267562866, 3.2331156730651855, 3.351041316986084, 3.4689667224884033, 3.5868923664093018]}, "Synthetic_LR": 0.028957080096006393, "Grand_Loss": 0.7654615044593811, "Start_Epoch": 1, "_step": 345}